Workbook
Name Excel_BuiltIn_Print_Titles: QUESTIONNAIRE!$2:$6

Sheet QUESTIONNAIRE
A1: HONEY-ALONSO QUESTIONNAIRE ON LEARNING STYLES
A2: (CUESTIONARIO HONEY-ALONSO DE ESTILOS DE APRENDIZAJE)
A4: Fulfill each of the cells in the PREFERENCE column with "0" if you are more in disagreement with the corresponding statement or with “1” if you are more in agreement rather than in disagreement with the corresponding item. The only requirement to get a realistic results is that you are as sincere as possible.
A6: No. | B6: ChARACTERISTICS | C6: PREFERENCE
A7: 1 | B7: I have a reputation for speaking my mind clearly and directly.
A8: 2 | B8: I am sure about what is good and bad, what is right and wrong.
A9: 3 | B9: Many times I act without considering the consequences.
A10: 4 | B10: I usually try to solve problems methodically and step by step.
A11: 5 | B11: I believe that formalities restrict and limit people's free actions.
A12: 6 | B12: I'm interested in knowing what others' value systems are and the criteria they act upon.
A13: 7 | B13: I think acting intuitively can be just as valid as acting reflectively.
A14: 8 | B14: I believe the most important thing is that things work.
A15: 9 | B15: I try to stay aware of what is happening here and now.
A16: 10 | B16: I enjoy it when I have time to prepare my work and do it conscientiously.
A17: 11 | B17: I feel comfortable following an order, in meals, in studying, in exercising regularly.
A18: 12 | B18: When I hear a new idea, I immediately start thinking about how to put it into practice.
... A86: 80 | B86: I avoid subjective, ambiguous, and unclear topics.
B88: PLEASE, MAKE SURE THAT NONE OF THE CELLS IS EMPTY, ALL MUST CONTAIN A 0 OR A 1
B89: If none of the cells is empty, and does not contain any number different from 0 and 1, move to the CALCULATIONS sheet

Sheet CALCULATION
B1: NUMBER OF POINTS FOR EACH OF THE ITEMS IN THE QUESTIONNAIRE
B3: ANSWERS TO THE QUESTIONNARIE ITEMS
B4: ACTIVIST | D4: REFLECTOR | F4: THEORIST | H4: PRAGMATIST
B5: Item | C5: Answer | D5: Item | E5: Answer | F5: Item | G5: Answer | H5: Item | I5: Answer
B6: 3 | C6: =QUESTIONNAIRE!C9 -> 0 | D6: 10 | E6: =QUESTIONNAIRE!C16 -> 0 | F6: 2 | G6: =QUESTIONNAIRE!C8 -> 0 | H6: 1 | I6: =QUESTIONNAIRE!C7 -> 0
B7: 5 | C7: =QUESTIONNAIRE!C11 -> 0 | D7: 16 | E7: =QUESTIONNAIRE!C22 -> 0 | F7: 4 | G7: =QUESTIONNAIRE!C10 -> 0 | H7: 8 | I7: =QUESTIONNAIRE!C14 -> 0
B8: 7 | C8: =QUESTIONNAIRE!C13 -> 0 | D8: 18 | E8: =QUESTIONNAIRE!C24 -> 0 | F8: 6 | G8: =QUESTIONNAIRE!C12 -> 0 | H8: 12 | I8: =QUESTIONNAIRE!C18 -> 0
B9: 9 | C9: =QUESTIONNAIRE!C15 -> 0 | D9: 19 | E9: =QUESTIONNAIRE!C25 -> 0 | F9: 11 | G9: =QUESTIONNAIRE!C17 -> 0 | H9: 14 | I9: =QUESTIONNAIRE!C20 -> 0
B10: 13 | C10: =QUESTIONNAIRE!C19 -> 0 | D10: 28 | E10: =QUESTIONNAIRE!C34 -> 0 | F10: 15 | G10: =QUESTIONNAIRE!C21 -> 0 | H10: 22 | I10: =QUESTIONNAIRE!C28 -> 0
B11: 20 | C11: =QUESTIONNAIRE!C26 -> 0 | D11: 31 | E11: =QUESTIONNAIRE!C37 -> 0 | F11: 17 | G11: =QUESTIONNAIRE!C23 -> 0 | H11: 24 | I11: =QUESTIONNAIRE!C30 -> 0
B12: 26 | C12: =QUESTIONNAIRE!C32 -> 0 | D12: 32 | E12: =QUESTIONNAIRE!C38 -> 0 | F12: 21 | G12: =QUESTIONNAIRE!C27 -> 0 | H12: 30 | I12: =QUESTIONNAIRE!C36 -> 0
B13: 27 | C13: =QUESTIONNAIRE!C33 -> 0 | D13: 34 | E13: =QUESTIONNAIRE!C40 -> 0 | F13: 23 | G13: =QUESTIONNAIRE!C29 -> 0 | H13: 38 | I13: =QUESTIONNAIRE!C44 -> 0
B14: 35 | C14: =QUESTIONNAIRE!C41 -> 0 | D14: 36 | E14: =QUESTIONNAIRE!C42 -> 0 | F14: 25 | G14: =QUESTIONNAIRE!C31 -> 0 | H14: 40 | I14: =QUESTIONNAIRE!C46 -> 0
B15: 37 | C15: =QUESTIONNAIRE!C43 -> 0 | D15: 39 | E15: =QUESTIONNAIRE!C45 -> 0 | F15: 29 | G15: =QUESTIONNAIRE!C35 -> 0 | H15: 47 | I15: =QUESTIONNAIRE!C53 -> 0
B16: 41 | C16: =QUESTIONNAIRE!C47 -> 0 | D16: 42 | E16: =QUESTIONNAIRE!C48 -> 0 | F16: 33 | G16: =QUESTIONNAIRE!C39 -> 0 | H16: 52 | I16: =QUESTIONNAIRE!C58 -> 0
B17: 43 | C17: =QUESTIONNAIRE!C49 -> 0 | D17: 44 | E17: =QUESTIONNAIRE!C50 -> 0 | F17: 45 | G17: =QUESTIONNAIRE!C51 -> 0 | H17: 53 | I17: =QUESTIONNAIRE!C59 -> 0
B18: 46 | C18: =QUESTIONNAIRE!C52 -> 0 | D18: 49 | E18: =QUESTIONNAIRE!C55 -> 0 | F18: 50 | G18: =QUESTIONNAIRE!C56 -> 0 | H18: 56 | I18: =QUESTIONNAIRE!C62 -> 0
B19: 48 | C19: =QUESTIONNAIRE!C54 -> 0 | D19: 55 | E19: =QUESTIONNAIRE!C61 -> 0 | F19: 54 | G19: =QUESTIONNAIRE!C60 -> 0 | H19: 57 | I19: =QUESTIONNAIRE!C63 -> 0
B20: 51 | C20: =QUESTIONNAIRE!C57 -> 0 | D20: 58 | E20: =QUESTIONNAIRE!C64 -> 0 | F20: 60 | G20: =QUESTIONNAIRE!C66 -> 0 | H20: 59 | I20: =QUESTIONNAIRE!C65 -> 0
B21: 61 | C21: =QUESTIONNAIRE!C67 -> 0 | D21: 63 | E21: =QUESTIONNAIRE!C69 -> 0 | F21: 64 | G21: =QUESTIONNAIRE!C70 -> 0 | H21: 62 | I21: =QUESTIONNAIRE!C68 -> 0
B22: 67 | C22: =QUESTIONNAIRE!C73 -> 0 | D22: 65 | E22: =QUESTIONNAIRE!C71 -> 0 | F22: 66 | G22: =QUESTIONNAIRE!C72 -> 0 | H22: 68 | I22: =QUESTIONNAIRE!C74 -> 0
B23: 74 | C23: =QUESTIONNAIRE!C80 -> 0 | D23: 69 | E23: =QUESTIONNAIRE!C75 -> 0 | F23: 71 | G23: =QUESTIONNAIRE!C77 -> 0 | H23: 72 | I23: =QUESTIONNAIRE!C78 -> 0
B24: 75 | C24: =QUESTIONNAIRE!C81 -> 0 | D24: 70 | E24: =QUESTIONNAIRE!C76 -> 0 | F24: 78 | G24: =QUESTIONNAIRE!C84 -> 0 | H24: 73 | I24: =QUESTIONNAIRE!C79 -> 0
B25: 77 | C25: =QUESTIONNAIRE!C83 -> 0 | D25: 79 | E25: =QUESTIONNAIRE!C85 -> 0 | F25: 80 | G25: =QUESTIONNAIRE!C86 -> 0 | H25: 76 | I25: =QUESTIONNAIRE!C82 -> 0
B28: GLOBAL MARKING
B29: Learning style | D29: Activist | E29: Reflector | F29: Theorist | G29: Pragmatist
B30: Total points | D30: =SUM(C6:C25) -> 0 | E30: =SUM(E6:E25) -> 0 | F30: =SUM(G6:G25) -> 0 | G30: =SUM(I6:I25) -> 0

Sheet FIGURE

Sheet Activist style

Sheet Theorist style

Sheet Pragmatist style

Sheet Reflector style
